id,asins,brand,categories,colors,dateAdded,dateUpdated,dimension,ean,imageURLs,manufacturer,manufacturerNumber,name,primaryCategories,weight
AVpf3txeLJeJML43FN82,B0168YIWSI,Microsoft,"Electronics,Computers,Computer Accessories,Keyboards, Mice & Joysticks,Keyboards,All Keyboards,Computers & Accessories,Computer Accessories & Peripherals,Keyboards, Mice & Accessories,Computers & Tablets,iPad & Tablet Accessories,Tablet Cases, Covers & Keyboard Folios,Computer Peripherals,Keyboards Accessories,Computers Features,Cases, Covers & Keyboard Folios,Name Brands,Microsoft,Microsoft Surface,Microsoft Surface Accessories,Microsoft Surface Cases & Covers,Microsoft Surface Tablets,Frys,Tablets,Cases",Black,2015-11-13T12:28:09Z,2018-01-29T02:15:13Z,11.6 in x 8.5 in x 0.19 in,8.90E+11,https://i5.walmartimages.com/asr/2a41f6f0-844e-4ace-b7e3-63faef991173_1.2179afeb48142c34d2c84adf91b42b02.jpeg?odnHeight=450&odnWidth=450&odnBg=FFFFFF,Microsoft,RH7-00001,Microsoft Surface Pro 4 Type Cover with Fingerprint ID,Electronics,1.1 pounds
AVpgMuGwLJeJML43KY_c,"B018K251JE,B00VILQKQ8",Boytone,"Electronics,Portable Audio & Video,Home Audio & Theater,Home Audio,All Home Speakers,Speaker Systems,Consumer Electronics,TV, Video & Home Audio,Home Theater Systems,See more Black BOYTONE Bt-210f 30 Watt FM Radio Bluetoo...,Audio,Stereos,Speakers,Cell,MP3 Player Accessories,Portable Bluetooth Speakers,See more BOYTONE Bt-210f Bluetooth Wireless Speaker Mp3...",Multicolor,2015-05-18T14:14:56Z,2018-02-12T16:29:05Z,16.0 in x 14.0 in x 12.0 in,,https://images-na.ssl-images-amazon.com/images/I/61Kics6Lb6L._SL1000_.jpg,Boytone,BT-210F,Boytone - 2500W 2.1-Ch. Home Theater System - Black Diamond,Electronics,14.55 pounds
AVphzgbJLJeJML43fA0o,B00C78VIUE,Sanus,"Audio & Video Accessories,TV Mounts,TV Accessories & Parts,Electronics,A/V Presentation,Accessories & Supplies,TV Ceiling & Wall Mounts",,2015-04-13T12:00:51Z,2018-05-12T18:59:48Z,22 x 3.1 x 35 inches,,https://images-na.ssl-images-amazon.com/images/I/71oVh2UO8xL._SL1500_.jpg,,VLF410B1,Sanus VLF410B1 10-Inch Super Slim Full-Motion Mount for 37 - 84 Inches TV's,Electronics,32.8 pounds
AWIm0C3TYSSHbkXwx3S6,B075WKS4D8,Ultimate Ears,"Portable Bluetooth Speakers,Bluetooth & Wireless Speakers,Portable Audio & Video,Electronics,Portable Speakers & Docks,Audio,All Bluetooth & Wireless Speakers","Blue,Graphite,Blue steel,Black,Merlot,Blizzard",2018-03-14T20:42:16Z,2018-05-29T17:19:12Z,3.5 x 3.5 x 9.3 inches,,https://pisces.bbystatic.com/image2/BestBuy_US/images/products/6019/6019903cv18d.jpg,,984-000911,Ultimate Ears MEGABLAST Portable Wi-Fi/Bluetooth Speaker with hands-free Amazon Alexa voice control (waterproof) - Graphite Black,Electronics,3.8 pounds
AVpfnp8HLJeJML43AmVi,B000YA33DC,Lowepro,"Photography,Photography Bags Cases,Camera Bags,Backpacks,Backpacks ffvzrevebzuqvcddwzzxeuwva,Cameras & Camcorders,Digital Camera Accessories,Camera Bags, Cases & Straps,Camera Backpacks,Electronics,Camera Accessories,Camera Bags & Cases,Computers Features,Bag & Case Accessories,Camera & Photo Features,Camera & Photo,Bags & Cases,Camera Cases,Outdoor Recreation,Hiking Daypacks,Backpacking Packs",Black,2015-08-18T18:38:58Z,2018-01-29T07:34:55Z,,56035351853,https://static.bhphoto.com/images/itemImgPlaceholder.jpg,Lowepro,LP35185,Flipside 300 Backpack (Black),Electronics,2.87 lbs
AV1YFmcQglJLPUi8IGd1,B00505EZYW,Corsair,"Computers,Memory (RAM),Computers & Accessories,Computer Components,Memory,Memory Upgrades,Electronics,Computers & Tablets,Computer Cards & Components,Laptop Memory",,2017-07-18T23:44:09Z,2018-06-03T04:39:38Z,13 in x 7.1 in x 2 in,,https://images-na.ssl-images-amazon.com/images/I/811CuyZ6WBL._SL1500_.jpg,,CMSA8GX3M2A1066C7,Corsair CMSA8GX3M2A1066C7 Apple 8 GB Dual Channel Kit DDR3 1066 (PC3 8500) 204-Pin DDR3 Laptop SO-DIMM Memory 1.5V,Electronics,0.8 ounces
AVpgF1BOilAPnD_xnTsK,B00WBS31OQ,"Sdi Technologies, Inc.","Portable Bluetooth Speakers,Stereos,Computers,Bluetooth & Wireless Speakers,Computer Accessories,Speaker Systems,Portable Audio & Video,Electronics,Portable Audio,Portable Wireless & Bluetooth Speakers,Speakers,Home Audio & Theater,Wireless and Bluetooth Speakers,Portable Speakers & Docks,Wireless & Portable Bluetooth Speakers,Audio,Computer Speakers","Multicolor,Black,Grey",2016-11-07T00:18:57Z,2018-05-28T23:48:06Z,2.1 in x 6.5 in x 3.1 in,,https://i5.walmartimages.com/asr/80e1b1e2-92c0-4f36-b178-ffa872bdd8da_1.f5ccfbb09351d0c6d73b6cd08fb747d0.jpeg?odnHeight=450&odnWidth=450&odnBg=FFFFFF,iHome,IBT33BC,iHome Rechargeable Splash Proof Stereo Bluetooth Speaker - Black (IBT33BC),Electronics,12.5 ounces
AVpiUMISilAPnD_xC-hu,"B0172DS3ME,B00NTJKAXG",Verizon Wireless,"Computers,Networking,Home Networking & Connectivity,Electronics,See more Novatel Jetpack MiFi 6620l Hotspot 4G LTE Veri...,Cell Phones,Cell Phone Accessories,Mobile Broadband,Mobile Broadband Devices,Access Points, Hubs & Switches,Computers/Tablets & Networking,Verizon Hotspots,Mobile Hotspots,Cell Phones & Accessories,Cell",,2015-10-20T18:34:01Z,2018-05-16T20:24:20Z,,6.49E+11,https://i5.walmartimages.com/asr/3605a1b6-702f-408e-8cae-7ce235824140_1.2eabed7b72c8516a50fb7145ab50eca5.jpeg?odnHeight=450&odnWidth=450&odnBg=FFFFFF,Novatel,Mifi6620L,Verizon MiFi 6620L Jetpack 4G LTE Mobile Hotspot (Verizon Wireless),Electronics,14.4 ounces
AVpfIjJULJeJML433Ga2,B00R5WGT2E,JVC,"Electronics,Portable Audio,Auto & Tires,Auto Electronics,Car Receivers,All In-Dash Stereos,Car & Vehicle Electronics,Car Electronics,Car Video,In-Dash DVD & Video Receivers,Car Audio,Car Stereo Receivers,All Car Stereo Receivers,Automotive",,2015-07-06T12:03:41Z,2018-02-04T11:21:30Z,,,https://i5.walmartimages.com/asr/0082dad1-fb49-4a16-8616-fad0adcea3ee_1.10fd6b6248fa564f7a5090240202b262.jpeg?odnHeight=450&odnWidth=450&odnBg=FFFFFF,,KDX320BTS,JVC KD-X320BTS Apple iPod and Android Digital Media Receiver with Bluetooth,Electronics,1.8 pounds
AVphRsH11cnluZ0-Agzr,B00V631478,JBL,"Electronics,Car & Vehicle Electronics,Car Electronics,Car Audio,Speakers,Coaxial Speakers,Car Electronics & GPS,Car Speakers,6\\ x 8\\ Car Speakers",,2015-09-20T18:40:52Z,2018-05-02T14:15:10Z,,,https://images-na.ssl-images-amazon.com/images/I/61V%2BtvzsmVL._SL1200_.jpg,,GX862,"JBL - 6"" x 8"" 2-Way Coaxial Car Speakers with Polypropylene Cones (Pair) - Black",Electronics,4.2 pounds
AVpf24SVLJeJML43FAIX,B009AEMB6I,Lenovo,"Computers & Tablets,Computer Accessories & Peripherals,Laptop Accessories,Laptop Chargers & Adapters,Computers,Electronics,Computer Accessories",,2015-10-16T20:50:30Z,2018-05-02T14:25:38Z,9.1 in x 5.9 in x 2.8 in,,https://pisces.bbystatic.com/image2/BestBuy_US/images/products/4020/4020023_sa.jpg,Lenovo Idea,45W SLIM AC ADAPTER - 88801419,Lenovo - AC Adapter for Select Lenovo Yoga Laptops - Black,Electronics,12.8 ounces
AVzNjwZZ-jtxr-f3yc_y,B06XSGYCHC,Siriusxm,"Satellite Radio,Satellite Radios,Car & Vehicle Electronics,Car Satellite Radios,Frys,Electronics,Car Electronics,Audio,SIRIUS XM Satellite Radio,Car Audio,Car Electronics & GPS","Siriusxm Sxezr1h1 Xm,Siriusxm Sxezr1v1 Xm",2017-06-22T02:08:41Z,2018-05-28T23:58:54Z,7 in x 8.4 in x 3 in,,http://images.frys.com/art/product/box_shots/9184408.box.GIF,Siriusxm,SXEZR1V1,SiriusXM SXEZR1V1 XM Onyx EZR Satellite Radio Receiver with Vehicle Kit,Electronics,1.25 pounds
AVpf2pgLilAPnD_xjed4,B012ASF1WQ,Pny,"Desktop Memory,Computers/Tablets & Networking,Memory (RAM),Computer Components & Parts,Computers & Accessories,Computer Components,Memory (RAM,Memory,Electronics,Computers & Tablets,Computer Cards & Components",Blue,2016-03-11T14:54:02Z,2018-05-28T23:47:33Z,8 in x 5.2 in x 0.6 in,,http://i.ebayimg.com/thumbs/images/g/SVsAAOSw-0xYkdfk/s-l96.jpg,,MD16GK2D4240015AB,PNY Anarchy 16GB Kit (2x8GB) DDR4 2400MHz (PC4-19200) CL15 Desktop Memory (BLUE) - MD16GK2D4240015AB,Electronics,0.8 ounces
AVpg8i6NilAPnD_xzQdN,"B01LYGPB3J,B011QHAOWO",Sling Media,"TV & Video,Media Streaming Players,New Technology,Frys,Electronics,Streaming Media Players,Television & Video,TVs Entertainment,TV & Home Theater,Internet TV Broadcasters,Streaming Media,All Streaming Media Players",Black,2015-09-30T18:03:06Z,2018-05-28T23:53:50Z,8.1 in x 4.7 in x 3.8 in,,https://images-na.ssl-images-amazon.com/images/I/51RQYjrlijL._SL1000_.jpg,Slingbox,SB375-100,Slingbox M2,Electronics,1.8 pounds
AVpfKRGKLJeJML433rPX,"B01J0BFAAO,B019Q88VAM",Sony,"Portable Bluetooth Speakers,Audio Docks & Mini Speakers,Used:TV Entertainment,Bluetooth & Wireless Speakers,Portable Audio & Headphones,Used:Portable Audio,Portable Audio & Video,Frys,Electronics,Sony SRS-HG1,Used:Speakers,Home Audio & Theater,Wireless Home Speakers,All Home Speakers,Mobile,iPod, Audio Player Accessories,Consumer Electronics,Mobile Bluetooth Speakers,Audio Speakers,Home Audio,Portable Speakers & Docks,Audio,Mobile Speakers","Red,Pink,Yellow,Blue,Bordeaux Pink,Cinnabar Red,Black,Viridian Blue,Charcoal Black",2016-07-07T19:29:17Z,2018-05-29T17:15:47Z,10.3 x 4.2 x 5.4 inches,,http://i.ebayimg.com/thumbs/images/g/EkgAAOSweJ1ZxTPU/s-l96.jpg,Sony,SRSHG1/BLK,Sony SRSHG1/BLK Hi-Res Wireless Speaker- Charcoal black,Electronics,2.5 pounds
AVpgswjcLJeJML43Ro-G,B004OVE61U,Midland,"Electronics,Portable Audio,MP3 Accessories,All Portable Speakers,Audio,Docks, Radios & Boomboxes,Radios,Portable Audio & Video,Shortwave Radios",Multicolor,2015-09-20T20:39:11Z,2018-01-08T19:08:30Z,,,https://i5.walmartimages.com/asr/1ba1ee7b-a6c7-4cf4-a506-7540d23da683_1.4868e85b5b7f66b17b18ee381f71b24e.jpeg?odnHeight=450&odnWidth=450&odnBg=FFFFFF\,Midland,WR-120C,"Midland Weather Alert Radio, 1.0 CT",Electronics,1.4 pounds
AVpfjP9uilAPnD_xdy6-,B007QOIP3M,Sony,"Electronics,Computers,Computer Accessories,Blank Media,Accessories & Supplies,Data Cartridges,Cameras & Photo,Camera & Photo Accessories,Camcorder Tapes & Discs,Cameras & Camcorders,Camcorder Accessories,Blank DVDs & Tapes,Consumer Electronics,TV, Video & Home Audio,TV, Video & Audio Accessories,Other TV, Video & Audio Accs,Mini DVs,Accessories,Audio Cassettes",,2015-11-16T02:04:10Z,2018-04-07T05:41:45Z,,,https://i5.walmartimages.com/asr/8a26ea29-695b-4e9b-b002-9d42730839b7_1.acc4d922fb91d62223bd84163ddf3d57.jpeg?odnHeight=450&odnWidth=450&odnBg=FFFFFF,Sony,DVM60PRR6C,Sony Mini Digital Video Cassettes - DVC - 1 Hour,Electronics,6.2 ounces
AVpfgGwSLJeJML43-VCn,B01ETTL6LE,Sony,"Portable Bluetooth Speakers,Audio Docks & Mini Speakers,Bluetooth & Wireless Speakers,Portable Audio & Headphones,Portable Audio & Video,Electronics,TVs Entertainment,Speakers,Home Audio & Theater,Wireless Home Speakers,All Home Speakers,iPod, Audio Player Accessories,Consumer Electronics,Wireless Speakers,Wireless & Multiroom Audio,Wireless and Bluetooth Speakers,Home Audio,Portable Speakers & Docks,Audio,Wireless Multiroom Speakers,Wireless Multi-Room Speakers",Black,2016-06-11T06:45:45Z,2018-06-05T22:48:58Z,3.35 in x 3.35 in x 11.8 in,27242896314,https://pisces.bbystatic.com/image2/BestBuy_US/images/products/4890/4890401cv12d.jpg,,SRSZR7,SRS-ZR7 Wireless Speaker,Electronics,3.5 lb
AV13V_i2glJLPUi8PFgb,B009E6J1BU,Toshiba,"Internal Solid State Drives,Computers & Accessories,Computer Accessories & Peripherals,Electronics,Computers & Tablets,Hard Drives & Storage,Data Storage",,2017-07-25T01:24:00Z,2018-06-01T19:31:33Z,,,https://images-na.ssl-images-amazon.com/images/I/61tg8FCoyzL._SL1500_.jpg,,PH3300U-1I72,Toshiba - 3TB Internal Serial ATA III Hard Drive for Desktops,Electronics,2 ounces
AVpiEA1f1cnluZ0-JaoG,B00B7C07LC,Power Acoustik,"Auto & Tires,Auto Electronics,Car Speakers and Subwoofers,10\\ Car Subwoofer,Car Subwoofers,All Car Subwoofers,Car Electronics & GPS,Car Audio,Car Subwoofers & Enclosures,Component Subwoofers,Consumer Electronics,Vehicle Electronics & GPS,eBay Motors,Parts & Accessories,Car Electronics,Subwoofers & Enclosures,Subwoofers,Electronics,Car & Vehicle Electronics",,2015-12-02T11:10:54Z,2018-05-02T14:25:22Z,,,https://i5.walmartimages.com/asr/6924a0a4-9a98-4745-b053-7612dbb03bf1_1.85f687a2dccdc3ea8956befb1b9f2ba8.jpeg?odnHeight=450&odnWidth=450&odnBg=FFFFFF,,GW3-10,"Power Acoustik - Gothic Series 10"" Dual-Voice-Coil 2-Ohm Subwoofer - Black",Electronics,18.3 pounds
AVpivePGilAPnD_xHH0l,B01700RNIO,House of Marley,"Headphones,Bluetooth Headphones,On-Ear Headphones,Electronics,Bluetooth Headphones rydyqsaxrbrdyuquyetsrydxefvucsr,Audio,Mobile","Navy,Black,Gray,Blue",2016-08-02T08:30:36Z,2018-06-05T22:50:09Z,2.5 x 7.5 x 7.5 inches,,https://pisces.bbystatic.com/image2/BestBuy_US/images/products/5688/5688025_sd.jpg,House of Marley,EM-JH101-BK,The Rebel BT On-Ear Wireless Bluetooth Headphones (Black),Electronics,15.2 ounces
AVpio2wSilAPnD_xGGln,B005YXXS4I,Yamaha,"TV, Video & Home Audio,Receivers,Electronics,TVs Entertainment,Compact & Shelf Stereos,Consumer Electronics,Home Audio Stereos, Components,Audio & Home Theatre,Receivers & Amplifiers,Home Audio Components,Home Audio,CD Players Changers,Audio,Compact Radios & Stereos,Stereo Shelf Systems",,2015-08-22T05:43:29Z,2018-06-07T01:26:56Z,7.1 in x 4.6 in x 12.5 in,,http://ecx.images-amazon.com/images/I/41PQFnBOg1L._SS40_.jpg,Yamaha,CRX-332BL,CRX-322 CD Receiver,Electronics,6.5 lb
AVpfVJXu1cnluZ0-iwTT,B00U0VEGRM,DreamWave,"Portable Bluetooth Speakers,Bluetooth & Wireless Speakers,Portable Audio & Video,Electronics,Portable Speakers & Docks,Audio",,2015-10-17T19:24:08Z,2018-05-29T13:41:23Z,7 in x 17.3 in x 5 in,,https://pisces.bbystatic.com/image2/BestBuy_US/images/products/5436/5436508cv12d.jpg,,TREMOR,"DreamWave - Tremor Portable Bluetooth Speaker - Green,Black",Electronics,13.2 pounds
AVpe7vI_ilAPnD_xRMq2,"B00Q397RJY,B005LKCDR2,B001447Z8Q",Glengery,"stone products,electronics,Parts & Accessories,brick manufacturing,landmark stone,Car Electronics,brick manufacturing process,eBay Motors,natural stone,brick designs,Digital Media Receivers,Car Stereo Receivers,Vehicle Electronics & GPS,brick,Electronics Features,Video In-Dash Units w/o GPS,Car Video,thin brick,Car Audio In-Dash Units,Car Audio,Consumer Electronics,brick sizes,glen gery,manufactured stone,Car Video Units W/out GPS/Nav,Apple CarPlay Receivers,In-Dash with GPS,brick colors,Car Electronics & GPS",Grey,2014-11-20T12:49:09Z,2018-05-31T09:10:46Z,3 5/8 in 2 3/4 in 7 5/8 in,7.93E+11,https://i.ebayimg.com/images/g/7JYAAOSwr6xZpG1w/s-l300.jpg,Glengery,Alpine,Alpine,Electronics,7 pounds
AVwvGPRyU2_QcyX9R3FW,B06XVDYHQX,Dell,"Computers,Desktops Workstations,Desktop Computers,Desktop Computers wbeszexzzxeteywxtzby,Computers & Tablets,Desktop & All-in-One Computers,All Desktops,Electronics,Computers & Accessories,Desktops,Towers,Computers/Tablets & Networking,Desktops & All-In-Ones,PC Desktops & All-In-Ones",,2017-05-22T07:39:43Z,2018-01-03T05:30:13Z,7.1 in x 15.3 in x 14.0 in,,https://static.bhphoto.com/images/itemImgPlaceholder.jpg,,XPS8920-7529SLV-PUS,XPS 8920 Tower Desktop Computer,Electronics,22.0 lb
AVpftC_FLJeJML43CLs8,B008FH1PJA,MEE audio,"Headphones,Bluetooth Headphones,All Headphones,Electronics,Audio,Mobile",BlackGrey,2015-08-18T18:41:22Z,2018-05-25T00:15:08Z,,,https://i5.walmartimages.com/asr/3ff9fc0e-c0eb-40a5-9468-e2be5b475d0d_1.3f69d8c73a568f6657a3710ffe6f056d.jpeg?odnHeight=450&odnWidth=450&odnBg=FFFFFF,,HP-AF32-GW-MEE,Air-Fi Runaway AF32 Stereo Bluetooth Wireless Headphones with Hidden Microphone (White),Electronics,3.88 oz
AV4GShTMvKc47QAVrFsX,B071ZVQVFQ,Samsung,"LED & LCD TVs,All TVs,Refurbished TVs,TV & Video,Electronics,Shop TVs by Type,Television & Video,Televisions,TVs Entertainment",,2017-08-21T19:34:31Z,2018-06-05T22:34:48Z,36.3 in x 20.9 in x 2.9 in,,https://i5.walmartimages.com/asr/3d8d9f94-4aa9-46d8-af89-0ad48a9fd5c0_1.bd4d79a0ba1dd96a11c65f571bbb745b.jpeg?odnHeight=450&odnWidth=450&odnBg=FFFFFF,,UN40M5300AFXZA,SAMSUNG 40'' Class FHD (1080P) Smart LED TV (UN40M5300),Electronics,15.4 lb
AVphUeKeilAPnD_x3-Be,B001AVRD62,Yamaha,"Surround Speakers,Electronics Features,Surround Sound Systems,Frys,Electronics,All Home Theater Systems,TVs Entertainment,Speakers,Home Audio & Theater,Home Electronics,TV Sound Systems rxxbwxxcscxuvutetd,Home & Kitchen Features,Home Theater Systems,Audio Speakers,TV Sound Systems,Home Audio,Home Theater,Electrical,Audio",Black,2015-07-03T18:36:05Z,2018-06-07T01:25:37Z,11.4 in x 11.4 in x 12.7 in,27108105321,http://pisces.bbystatic.com/image2/BestBuy_US/images/products/4452/4452997_sa.jpg,YAMAHA,NS-SP1800BL,NS-SP1800BL 5.1-Channel Home Theater System (Black),Electronics,18.7 lbs
AVpf0Nyo1cnluZ0-rzhu,B00TVFO08S,Bose,"Surround Speakers,TV, Video & Home Audio,Surround Sound Systems,Electronics,All Home Theater Systems,TVs Entertainment,Speakers,Consumer Electronics,Home Theater Systems,TV Sound Systems,Audio & Home Theatre,Home Audio,Audio",,2015-05-11T12:31:02Z,2018-06-07T01:25:37Z,,,http://ecx.images-amazon.com/images/I/41KIYAS5MOL._SY300_QL70_.jpg,Bose,720960-1100,Acoustimass 6 Series V Home Theater Speaker System (Black),Electronics,1.18 lb
AVqlHaLknnc1JgDc3m5y,B01KUAMCWI,Logitech,"Computers,Mice & Mice Pads,Computer Accessories,Computer Accessories & Peripherals,Keyboards, Mice & Joysticks,Electronics,Gaming Mice & Mice Pads,Accessories,Mice & Keyboards,Video Games,Gaming Mice,Computers & Tablets,Mice,Wireless & Bluetooth Mice",Multicolor,2017-03-06T19:34:27Z,2018-05-28T23:48:40Z,1.7 in x 2.7 in x 4.9 in,,https://images-na.ssl-images-amazon.com/images/I/716I6adum9L._SL1500_.jpg,,910-004797,Logitech G403 Wireless Gaming Mouse with High Performance Gaming Sensor,Electronics,3.68 ounces
AVpjedgc1cnluZ0-W4NI,B01CEAT9ZU,Sony,"Electronics,CD Players & Digital Media Receivers,Car Electronics,Motors,Marine Stereos,CD Players,Fishing,Car Audio,Automotive,Car & Vehicle Electronics,Car Stereo Receivers,Digital Media Receivers,Outdoor Sports,Marine Electronics,Car Electronics & GPS",,2016-05-31T15:22:25Z,2018-05-28T23:58:46Z,10.9 in x 4.1 in x 8.8 in,27242896000,https://images-na.ssl-images-amazon.com/images/I/71nZbrF4QxL._SL1500_.jpg,Sony,MEXM100BT,Sony MEXM100BT 160W RMS Marine CD Receiver with Bluetooth (Black) and SiriusXM Ready,Electronics,4.79 pounds
AVsRhL-fQMlgsOJE6zvB,"B01MUG578I,B072MP2CFG",Sony,"Portable Bluetooth Speakers,Audio Docks & Mini Speakers,Bluetooth & Wireless Speakers,Portable Audio & Headphones,Portable Audio & Video,Electronics,Portable Audio,Portable Wireless & Bluetooth Speakers,Speakers,Home Audio & Theater,Wireless Home Speakers,Mobile,iPod, Audio Player Accessories,Consumer Electronics,Mobile Bluetooth Speakers,Wireless and Bluetooth Speakers,UNNAV,Portable Speakers & Docks,Audio,Mobile Speakers,All Bluetooth & Wireless Speakers","Black,Gray,Red,Blue",2017-03-27T20:46:04Z,2018-05-29T17:19:12Z,10.5 x 4.5 x 6.7 inches,,https://images-na.ssl-images-amazon.com/images/I/71Wg%2B%2BUUG5L._SL1500_.jpg,,SRSXB30/BLK,Sony SRSXB30/BLK XB30 Portable Wireless Speaker with Bluetooth,Electronics,3 pounds
AVpfuJ4pilAPnD_xhDyM,B00IWQ3YPC,Sony,"Electronics,Home Audio & Theater,Home Theater,Home Theater Systems,Consumer Electronics,Portable Audio & Headphones,iPod, Audio Player Accessories,Audio Docks & Mini Speakers,TVs Entertainment,Tabletop Audio,Mini Hi-Fi Systems,Audio,Home Audio,Stereo Shelf Systems,Frys,Shelf Systems,CD Players,Portable Audio",Black,2015-10-23T05:53:30Z,2018-02-13T20:04:13Z,34.75 in x 32.25 in x 32.25 in,,https://i5.walmartimages.com/asr/38f28958-7855-494a-babe-61513016efee_1.511282744b61af499f28ef9803d5d9c2.jpeg?odnHeight=450&odnWidth=450&odnBg=FFFFFF,Sony,LBTGPX555,Sony LBT-GPX555 Mini-System with Bluetooth and NFC,Electronics,11.9 lb
AVpg59zyilAPnD_xyv3y,B000O3TFWW,Yamaha,"In-Wall & In-Ceiling Speakers,Electronics,In-Ceiling Speakers,TVs Entertainment,Speakers,Home Audio & Theater,All Home Speakers,Install Outdoor Speakers wbdadzefwwsbvcrtwtvxqqdxsqdwtdtrwt,Home Audio,Install Outdoor Speakers,In-Wall and In-Ceiling Speakers,Audio,all electronics",White,2014-10-29T11:41:58Z,2018-06-07T01:26:36Z,21.00 in x 17.00 in x 10.00 in,,https://i5.walmartimages.com/asr/08372efb-7f0c-4984-a570-8a36b57d0b44_1.4fde5d69f32f1d6426c4a5c55b3fe879.jpeg?odnHeight=450&odnWidth=450&odnBg=FFFFFF,Yamaha,NS-IW480CWH,NS-IW480CWH In-Ceiling 8 Natural Sound Three-Way Speaker System (Pair),Electronics,4.6 lbs
AVpgGPyq1cnluZ0-wbTJ,B00LIL7YVI,Motorola,"Electronics,Cameras & Camcorders,All Camcorders,Home, Garage & Office,Pet Supplies & Technology,Pet Cameras & Technology,Wearable Pet Cameras,Computers & Accessories,Computer Accessories & Peripherals,Audio & Video Accessories,Webcams,Housewares,Pet Cameras,Dog,Training Aids,Training & Behavior,Networking,Computers,Routers,pet,Security & Surveillance,Surveillance Video Equipment,Security Monitors & Displays","Gray,Color",2015-05-11T12:38:42Z,2018-01-03T07:26:25Z,0.75 in x 3.25 in x 2 in,8.16E+11,https://i5.walmartimages.com/asr/0acda0e4-4794-4005-83c6-34826ea09b73_1.0b3edc2ee891d8de38a038ff9828df53.jpeg?odnHeight=450&odnWidth=450&odnBg=FFFFFF,Motorola,SCOUT66,Motorola Wi-Fi Pet Video Camera,Electronics,13.6 ounces
AVpjI0B41cnluZ0-T5TH,"B00170HCOO,B001BBT7RY,B00170O1HK",Definitive Technology,"Outdoor Speakers,Electronics Features,Electronics,TVs Entertainment,Speakers,Install Outdoor Speakers,Home Audio,Home Audio & Theater,Audio,All Home Speakers","Black,White",2015-07-06T11:58:28Z,2018-06-05T22:49:26Z,14.44 in x 8.88 in x 9.25 in,93207057342,https://static.bhphoto.com/images/images500x500/definitive_technology_aw6500whi_6_5_indoor_outdoor_all_weather_speaker_1514915138000_1382617.jpg,5 Years,NECB,"AW6500 All-Weather Outdoor Speaker (White, Single)",Electronics,9.2 lb
AVpiFC-LilAPnD_xAgKu,B0038NMC8O,Alpine,"Auto & Tires,Auto Electronics,Car Speakers and Subwoofers,6.5\\ Car Speakers,All Car Speakers & Subwoofers,Car Electronics & GPS,Car Audio,Car Speakers,Electronics,Car & Vehicle Electronics,Car Electronics,Speakers,Coaxial Speakers",,2015-11-09T01:49:20Z,2018-05-02T14:14:33Z,,,https://i5.walmartimages.com/asr/e31a71ea-802e-4d97-b600-0a8d0ff33ded_1.ca04cc8c4ed68781fc3056ef23d35ba4.jpeg?odnHeight=450&odnWidth=450&odnBg=FFFFFF,,SPE-6000,"Alpine - 6-1/2"" 2-Way Coaxial Car Speakers with Polypropylene Cones (Pair) - Black",Electronics,5.2 pounds
AVpgjaudilAPnD_xuDKC,B01364B00K,Belkin,"Computers,Portable Battery Packs yxdasxffaabvrfusya,Portable Chargers/Power Packs,Computers & Accessories,Computer Accessories,Computer Accessories & Peripherals,Portable Battery Packs ccbdtucwsuccsbzvxsect,Frys,Electronics,Portable Battery Packs,Cell Phones,Cell Phone Accessories,Cell Phone Batteries & Power,Batteries,Surge Protectors,Surge Protectors, Power Strips,PC Computers,Consumer Electronics,Mobile Power,Power Accessories,Multipurpose Batteries & Power,Rechargeable Batteries,Portable Battery Packs bcxsstqzbavv,Power, Cooling Racks",,2015-11-16T07:06:48Z,2018-05-25T09:37:49Z,,,https://i5.walmartimages.com/asr/fa5e4591-8a7e-4557-a591-3d11b96e7824_1.865dd9c1a7149526d6a8238853f612a1.jpeg?odnHeight=450&odnWidth=450&odnBg=FFFFFF,Belkin,BST301TT,Travel RockStar 3-in-1 2A USB and Dual-Outlet Wall Charger with Internal 3000mAh Battery Pack,Electronics,12.6 ounces
AVpiAzN7ilAPnD_x_wOJ,B00F6PRSMW,Bowers & Wilkins,"Headphones,Electronics,Over-Ear Headphones,Audio,Over-Ear & On-Ear Headphones",,2015-09-11T00:49:56Z,2018-05-29T17:18:04Z,9.2 x 7.6 x 5.2 inches,,https://images-na.ssl-images-amazon.com/images/I/71gwXFPAWXL._SL1500_.jpg,,P7,Bowers & Wilkins P7 Wired Over Ear Headphones,Electronics,2.43 pounds
AVpfnuDailAPnD_xfKZY,B01AEW9E46,JBL,"Mobile,Headphones,Bluetooth Headphones,Electronics,Audio,Over-Ear & On-Ear Headphones,Over-Ear Headphones,Shop Headphones by Type,Over-Ear and On-Ear Headphones,Frys","Black,White",2016-05-30T13:32:26Z,2018-01-28T06:56:24Z,3.0 in x 6.9 in x 6.7 in,,https://static.bhphoto.com/images/itemImgPlaceholder.jpg,JBL,V700NXTWHT,Everest Elite 700 Around-Ear Wireless Headphones (White),Electronics,10.8 oz
AVpi-P111cnluZ0-SVqq,B00009WCBT,CLARITY-TELECOM,"Office,Office Technology,Phones & Accessories,Headsets & Accessories,Walmart for Business,Office Electronics,Phones,Home, Garage & Office,Telephones & Communication,Special Needs Telephones,Categories,Big Button & Amplified Telephones,Electronics Features,Connected Home & Housewares,Phones Video Conferencing,Analog Phones Accessories,Phone Accessories,Collaboration IP Telephony",Cream,2015-12-02T08:47:31Z,2018-05-02T14:03:29Z,,7.60E+11,https://i5.walmartimages.com/asr/05e84e90-d193-4fdc-94f0-34d5cd1416de_1.abc2d7b9bb122296724ec36ffffd375e.jpeg?odnHeight=450&odnWidth=450&odnBg=FFFFFF,Allround Software,CLARITY-SR-200,Clarity - Super-Loud Phone Ringer - White,Electronics,1.2 pounds
AVpg8GjjLJeJML43Uplr,B00RZYD51A,House of Marley,"Headphones,Electronics,Over-Ear Headphones,Audio,Over-Ear & On-Ear Headphones","Black,Silver,BlackRed,SilverBlack",2015-09-11T00:49:09Z,2018-05-29T17:18:33Z,3.4 x 8.8 x 9.9 inches,,https://i5.walmartimages.com/asr/92592c88-756f-49fd-b789-9f8a731a878a_1.3193b71f5f63da548953f79e1799df3f.jpeg?odnHeight=450&odnWidth=450&odnBg=FFFFFF,,EM-DH003-PS,House of Marley EM-DH003-PS TTR Noise-Cancelling Over-Ear Headphones (Black),Electronics,2.8 pounds
AV2Zps11GV-KLJ3al16A,B0742RMVQ8,Toshiba,"Home Theater Systems,Portable Audio & Video,Electronics,MP3 & MP4 Player Accessories,Home Audio,Home Audio & Theater,All Home Stereos,Audio,Stereo Shelf Systems",,2017-07-31T17:17:11Z,2018-05-29T17:19:20Z,7.1 x 9.6 x 4.6 inches,,https://pisces.bbystatic.com/image2/BestBuy_US/images/products/5937/5937008_sd.jpg,,TY-ASW91,Toshiba Micro Component Speaker System: Wireless Bluetooth Speaker Sound System with FM,Electronics,10.2 pounds
AVpe5iL11cnluZ0-ZVzB,B00L2EWRW2,Kicker,"Electronics,Home Audio & Theater,Home Audio,All Home Speakers,Speaker Systems,Audio,Bluetooth & Wireless Speakers,All Bluetooth & Wireless Speakers,Stereos,Speakers",,2015-09-11T01:06:05Z,2018-01-08T19:08:30Z,,,https://i5.walmartimages.com/asr/e3da8f35-cbf9-494b-ae8a-8f2dac665faa_2.4f097dc9c676aa3838bbcc8f44cf0ab3.jpeg?odnHeight=450&odnWidth=450&odnBg=FFFFFF,,41IK5BT2V2,"Kicker 41IK5BT2V2 Amphitheater High-Performance Audio System with Bluetooth, Black",Electronics,13.8 pounds
AVpe9BGF1cnluZ0-annA,B00PASUGTC,SVS,"Speaker Separates,Center Channel Speakers,Electronics,TVs Entertainment,Speakers,Home Audio,Center-Channel Speakers,Audio,Speaker Separates baesfadqwexxbctqsw",Black Ash,2015-07-13T15:49:50Z,2018-06-05T22:49:05Z,,,https://pisces.bbystatic.com/image2/BestBuy_US/images/products/5707/5707703_ra.jpg,,PRIME CENTER - BLACK ASH,Prime Three-Way Center Channel Speaker (Premium Black Ash),Electronics,20.2 lb
AVpfVI9wilAPnD_xZxH-,B008JJLZ7G,WD,"Computers,Internal Hard Drives,Internal Drives,Drives, Storage & Blank Media,Computers & Accessories,Hard Drives (HDD, SSD & NAS),Computer Accessories & Peripherals,Internal Hard Disk Drives,Electronics,Hard Drives & Storage,Drives Storage,Computers/Tablets & Networking,Computer Components,Computers & Tablets,Data Storage",,2015-08-16T21:01:50Z,2018-06-05T12:48:22Z,4.0 in x 5.8 in x 1.0 in,,https://i5.walmartimages.com/asr/92471d38-b293-4e14-8bb7-272c66e5cafb_1.9b4b43e43c813199391d187cd079f4a0.jpeg?odnHeight=450&odnWidth=450&odnBg=FFFFFF,,WD20EFRX,2TB Red 5400 rpm SATA III 3.5 Internal NAS HDD,Electronics,1.32 lb
AV15fqDs-jtxr-f38R4C,B073JHHNJ9,Netgear,"Computers,Wireless Networking rwtaqbstbwzzteq,Networking,Computers & Accessories,Wireless Adapters Cards,Wireless Networking,Electronics,Networking Products,Network Adapters,Networking Cables & Accessories,USB Network Adapters",,2017-07-25T11:25:28Z,2018-06-07T01:32:44Z,4.70 in x 1.80 in x 0.87 in,,https://i5.walmartimages.com/asr/0a0f4e08-4029-4840-b3f9-522d90fd6569_1.c1dbfe5f50b1ba76c0f9e20765b154b6.jpeg?odnHeight=450&odnWidth=450&odnBg=FFFFFF,,A7000-10000S,Nighthawk AC1900 Dual-Band Wi-Fi USB Adapter,Electronics,0.147 lb
AVpgnnzJilAPnD_xu_7Q,B00KGGK1J8,Samsung,"Accessories,Portable Power Banks,Portable Chargers/Power Packs,Cell Phones & Accessories,Cell Phones,Portable Battery Packs,Cell Phone Accessories,Cell Phone Batteries & Power,Batteries & Battery Packs,cell,Power,Chargers & Cradles",White,2015-02-26T14:14:24Z,2018-05-29T17:18:56Z,3.5 x 0.1 x 7 inches,,http://i.ebayimg.com/00/$T2eC16dHJGQE9noMbUGIBRFRjWkmIQ~~_10.JPG?set_11.JPG?set_id=807,SAMSUNG,EB-P310SIWESTA,Samsung Universal 3100mAh Portable External Battery Charger - White,Electronics,5.6 ounces
AVpgfP3DilAPnD_xtG3M,B00IAKLM54,Logitech,"Electronics,Accessories & Supplies,Audio & Video Accessories,Remote Controls & Accessories,TV & Video,TV Accessories,Remote Controls,TVs Entertainment,General Accessories,Accessories,Consumer Electronics,TV, Video & Home Audio,TV, Video & Audio Accessories,See more Logitech Harmony Ultimate One IR Remote With C...,TV Remote Controls,TV & Home Theater,TV & Home Theater Accessories,Universal Remote Controls,Stereo Accessories,Electronics Features",Black,2015-05-18T12:55:52Z,2018-03-23T17:22:18Z,2.2 x 1.2 x 7.3 inches,97855100818,https://images-na.ssl-images-amazon.com/images/I/71Od-jmcj2L._SL1500_.jpg,Logitech,915-000224,Logitech 915-000224  Harmony Ultimate One 15-Device Universal Infrared Remote with Customizable Touch Screen Control - Black,Electronics,1.7 pounds
AVpe8ZRY1cnluZ0-aY4H,"B005MJHFHK,B00VXW0J5A,B00OY50CZU",Peerless-AV,"Office,Projectors & Presentation Equipment,Audio Visual Presentation,TV Stands, Mounts & Furniture,Projector Mounts Accessories,Projector Mounts & Screens,Projector Mounts,Electronics,TV & Home Theater,Office Technology,Mounts Carts,Mounting Plates,A/V Presentation,Networking Products,Powerline Network Adapters,Network Adapters",,2015-07-13T16:17:19Z,2018-06-05T22:51:35Z,,7.35E+11,https://pisces.bbystatic.com/image2/BestBuy_US/images/products/8180/8180158_sa.jpg,Peerless,ACC570,Round LCD/Projector Ceiling Plate - Black,Electronics,1.2 lbs
